env,label,policy,seed,status,total_steps,final_eval_return,best_eval_return,auc_eval_return,episodes,wall_time_s,steps_per_second
Acrobot-v1,anneal_k,anneal_k,0,ok,150000,-79.93333333333334,-76.0,-276.11333333333334,1142,93.8336730003357,1598.5732541820394
Acrobot-v1,anneal_k,anneal_k,1,ok,150000,-78.5,-74.9,-238.00000000000003,1222,92.25846004486084,1625.867155457204
Acrobot-v1,anneal_k,anneal_k,2,ok,150000,-80.39999999999999,-77.3,-227.37333333333336,1191,93.24279761314392,1608.7033405232721
Acrobot-v1,anneal_k,anneal_k,3,ok,150000,-81.86666666666666,-74.0,-291.40000000000003,943,94.94318914413452,1579.8921581650582
Acrobot-v1,anneal_k,anneal_k,4,ok,150000,-77.86666666666666,-75.1,-256.18666666666667,1088,94.74430012702942,1583.2086975035534
Acrobot-v1,boltzmann,boltzmann,0,ok,150000,-80.73333333333333,-77.7,-227.2,1154,94.29795002937317,1590.7026605909887
Acrobot-v1,boltzmann,boltzmann,1,ok,150000,-81.73333333333333,-79.1,-234.99999999999997,1086,94.0383689403534,1595.0935952019959
Acrobot-v1,boltzmann,boltzmann,2,ok,150000,-256.43333333333334,-79.3,-344.5,904,95.59423208236694,1569.1323287241364
Acrobot-v1,boltzmann,boltzmann,3,ok,150000,-87.26666666666667,-83.1,-253.88000000000002,1091,92.23491930961609,1626.2821187762618
Acrobot-v1,boltzmann,boltzmann,4,ok,150000,-76.43333333333334,-75.4,-231.91333333333338,1194,91.68541312217712,1636.029057317053
Acrobot-v1,eps_boltzmann,eps_boltzmann,0,ok,150000,-122.09999999999998,-77.9,-170.52666666666664,1061,90.90389895439148,1650.094239359946
Acrobot-v1,eps_boltzmann,eps_boltzmann,1,ok,150000,-78.83333333333333,-74.1,-226.81333333333333,1113,91.8794686794281,1632.5736549844148
Acrobot-v1,eps_boltzmann,eps_boltzmann,2,ok,150000,-88.66666666666667,-79.0,-224.71333333333328,1011,92.57821989059448,1620.2515038338872
Acrobot-v1,eps_boltzmann,eps_boltzmann,3,ok,150000,-84.06666666666668,-75.5,-258.5,1034,93.3622899055481,1606.6443973444805
Acrobot-v1,eps_boltzmann,eps_boltzmann,4,ok,150000,-132.33333333333334,-88.4,-365.5666666666666,797,94.6461021900177,1584.8513201193452
Acrobot-v1,eps_greedy,eps_greedy,0,ok,150000,-81.03333333333335,-75.7,-199.31333333333333,1183,91.31752800941467,1642.6200234475825
Acrobot-v1,eps_greedy,eps_greedy,1,ok,150000,-82.0,-73.4,-198.95333333333332,1248,91.61278891563416,1637.325986638551
Acrobot-v1,eps_greedy,eps_greedy,2,ok,150000,-86.56666666666666,-84.0,-299.8333333333333,1155,93.55837297439575,1603.2771331011786
Acrobot-v1,eps_greedy,eps_greedy,3,ok,150000,-86.89999999999999,-77.8,-279.8333333333333,1054,93.45597076416016,1605.0338867971416
Acrobot-v1,eps_greedy,eps_greedy,4,ok,150000,-86.16666666666667,-84.1,-271.81333333333333,1058,92.62015795707703,1619.5178599189446
Acrobot-v1,mixture_anneal,mixture_anneal,0,ok,150000,-80.93333333333334,-80.1,-262.04,1177,99.28561925888062,1510.792812893527
Acrobot-v1,mixture_anneal,mixture_anneal,1,ok,150000,-77.46666666666667,-76.7,-146.60666666666668,1257,101.38431787490845,1479.5187573789794
Acrobot-v1,mixture_anneal,mixture_anneal,2,ok,150000,-89.23333333333333,-75.2,-221.57999999999996,1071,103.50215435028076,1449.245196311154
Acrobot-v1,mixture_anneal,mixture_anneal,3,ok,150000,-83.23333333333333,-79.0,-224.05999999999997,1216,104.85420489311218,1430.5577935849992
Acrobot-v1,mixture_anneal,mixture_anneal,4,ok,150000,-83.63333333333333,-78.8,-284.4533333333333,1167,105.40700912475586,1423.055271613537
Acrobot-v1,topk3_boltzmann,topk_boltzmann,0,ok,150000,-82.03333333333335,-75.5,-254.8,1137,94.43104290962219,1588.460694472702
Acrobot-v1,topk3_boltzmann,topk_boltzmann,1,ok,150000,-101.7,-73.8,-253.39333333333335,1168,93.61078119277954,1602.3795345868764
Acrobot-v1,topk3_boltzmann,topk_boltzmann,2,ok,150000,-77.16666666666666,-73.3,-185.80666666666667,1053,91.42983603477478,1640.6023077953287
Acrobot-v1,topk3_boltzmann,topk_boltzmann,3,ok,150000,-90.26666666666667,-80.1,-167.06666666666663,1113,91.48649191856384,1639.586313283513
Acrobot-v1,topk3_boltzmann,topk_boltzmann,4,ok,150000,-99.89999999999999,-77.8,-259.96000000000004,1053,92.93153285980225,1614.0915293659473
Acrobot-v1,topk_boltzmann,topk_boltzmann,0,ok,150000,-86.0,-74.6,-258.17333333333335,1179,97.09931802749634,1544.810025931628
Acrobot-v1,topk_boltzmann,topk_boltzmann,1,ok,150000,-80.23333333333333,-74.4,-201.5133333333333,1230,97.37725806236267,1540.400736113729
Acrobot-v1,topk_boltzmann,topk_boltzmann,2,ok,150000,-79.33333333333333,-74.3,-308.8933333333334,1019,99.10890197753906,1513.486649604839
Acrobot-v1,topk_boltzmann,topk_boltzmann,3,ok,150000,-86.39999999999999,-77.4,-277.85333333333335,1044,98.28703498840332,1526.1422833408108
Acrobot-v1,topk_boltzmann,topk_boltzmann,4,ok,150000,-78.86666666666666,-77.4,-309.22666666666663,1125,95.27301502227783,1574.4227257311557
Acrobot-v1,topp_boltzmann,topp_boltzmann,0,ok,150000,-80.39999999999999,-77.5,-219.7533333333333,1140,95.67966604232788,1567.7312244551654
Acrobot-v1,topp_boltzmann,topp_boltzmann,1,ok,150000,-79.96666666666665,-74.3,-214.88666666666666,1248,95.92137694358826,1563.7807210400617
Acrobot-v1,topp_boltzmann,topp_boltzmann,2,ok,150000,-87.0,-79.8,-286.1933333333333,1003,95.89271593093872,1564.24811356922
Acrobot-v1,topp_boltzmann,topp_boltzmann,3,ok,150000,-80.06666666666666,-76.3,-212.46666666666667,1081,95.63528084754944,1568.4588226296155
Acrobot-v1,topp_boltzmann,topp_boltzmann,4,ok,150000,-94.89999999999999,-81.8,-266.46,1077,95.62306380271912,1568.6592129014657
CartPole-v1,anneal_k,anneal_k,0,ok,100000,322.4666666666667,354.6,310.73500000000007,735,57.420777797698975,1741.5298753408267
CartPole-v1,anneal_k,anneal_k,1,ok,100000,252.0,331.8,256.005,822,55.79070711135864,1792.413202442466
CartPole-v1,anneal_k,anneal_k,2,ok,100000,261.40000000000003,316.1,247.49499999999998,800,57.578224897384644,1736.7676787226253
CartPole-v1,anneal_k,anneal_k,3,ok,100000,325.09999999999997,345.0,304.37499999999994,774,58.61608290672302,1706.0164214509532
CartPole-v1,anneal_k,anneal_k,4,ok,100000,265.1333333333333,353.1,262.115,794,58.12452697753906,1720.4441085368796
CartPole-v1,boltzmann,boltzmann,0,ok,100000,500.0,500.0,287.40500000000003,625,58.34870886802673,1713.8339809057347
CartPole-v1,boltzmann,boltzmann,1,ok,100000,286.3666666666667,500.0,147.61499999999998,1206,56.16031217575073,1780.6168827383879
CartPole-v1,boltzmann,boltzmann,2,ok,100000,135.63333333333333,138.0,112.60499999999999,1494,54.494678020477295,1835.041578967093
CartPole-v1,boltzmann,boltzmann,3,ok,100000,205.33333333333334,212.7,142.92999999999998,1221,54.36858797073364,1839.297354086693
CartPole-v1,boltzmann,boltzmann,4,ok,100000,116.63333333333333,117.8,106.05,1410,53.80962896347046,1858.4034479755774
CartPole-v1,eps_boltzmann,eps_boltzmann,0,ok,100000,289.73333333333335,356.7,281.845,911,56.95149278640747,1755.8802255639355
CartPole-v1,eps_boltzmann,eps_boltzmann,1,ok,100000,302.56666666666666,465.7,323.85,925,57.62220525741577,1735.442084406
CartPole-v1,eps_boltzmann,eps_boltzmann,2,ok,100000,261.3333333333333,347.3,251.06,928,56.63950991630554,1765.5519997924932
CartPole-v1,eps_boltzmann,eps_boltzmann,3,ok,100000,285.3,310.7,266.08500000000004,929,56.96882605552673,1755.3459834775492
CartPole-v1,eps_boltzmann,eps_boltzmann,4,ok,100000,287.43333333333334,308.8,276.25000000000006,952,57.63486433029175,1735.0609073515589
CartPole-v1,eps_greedy,eps_greedy,0,ok,100000,379.8666666666666,442.3,340.26,689,59.026623010635376,1694.1507899237615
CartPole-v1,eps_greedy,eps_greedy,1,ok,100000,323.29999999999995,376.1,304.36499999999995,785,58.561497926712036,1707.6065937580186
CartPole-v1,eps_greedy,eps_greedy,2,ok,100000,256.3,444.7,239.3,825,56.47910809516907,1770.5662035508221
CartPole-v1,eps_greedy,eps_greedy,3,ok,100000,341.2,359.3,288.3,783,58.10710024833679,1720.9600818595713
CartPole-v1,eps_greedy,eps_greedy,4,ok,100000,294.93333333333334,349.8,295.04499999999996,769,58.82555437088013,1699.9414806960508
CartPole-v1,mixture_anneal,mixture_anneal,0,ok,100000,378.2666666666667,384.8,340.84000000000003,648,62.213833808898926,1607.359551368722
CartPole-v1,mixture_anneal,mixture_anneal,1,ok,100000,258.76666666666665,310.3,247.715,816,60.58993220329285,1650.4392126480273
CartPole-v1,mixture_anneal,mixture_anneal,2,ok,100000,283.2,430.0,269.16999999999996,762,61.469966888427734,1626.8107022329614
CartPole-v1,mixture_anneal,mixture_anneal,3,ok,100000,324.20000000000005,333.1,288.08000000000004,745,61.603610038757324,1623.2814917354024
CartPole-v1,mixture_anneal,mixture_anneal,4,ok,100000,319.9666666666667,353.4,270.91,764,61.46784520149231,1626.8668548929743
CartPole-v1,topk3_boltzmann,topk_boltzmann,0,ok,100000,340.1,380.4,307.565,725,57.16934609413147,1749.189151741324
CartPole-v1,topk3_boltzmann,topk_boltzmann,1,ok,100000,246.73333333333335,361.2,245.99499999999998,853,56.036795139312744,1784.5417417500519
CartPole-v1,topk3_boltzmann,topk_boltzmann,2,ok,100000,235.5666666666667,440.3,232.185,829,55.944814920425415,1787.4757498480894
CartPole-v1,topk3_boltzmann,topk_boltzmann,3,ok,100000,301.8666666666667,319.0,274.185,797,57.9110472202301,1726.7862489122272
CartPole-v1,topk3_boltzmann,topk_boltzmann,4,ok,100000,269.56666666666666,342.8,258.665,815,56.09237098693848,1782.7736328579467
CartPole-v1,topk_boltzmann,topk_boltzmann,0,ok,100000,340.1,380.4,307.565,725,57.765711069107056,1731.1307720312946
CartPole-v1,topk_boltzmann,topk_boltzmann,1,ok,100000,246.73333333333335,361.2,245.99499999999998,853,56.261531829833984,1777.413389711026
CartPole-v1,topk_boltzmann,topk_boltzmann,2,ok,100000,235.5666666666667,440.3,232.185,829,57.323347091674805,1744.489899378594
CartPole-v1,topk_boltzmann,topk_boltzmann,3,ok,100000,301.8666666666667,319.0,274.185,797,56.552557945251465,1768.2666113318871
CartPole-v1,topk_boltzmann,topk_boltzmann,4,ok,100000,269.56666666666666,342.8,258.665,815,55.9585919380188,1787.0356729269138
CartPole-v1,topp_boltzmann,topp_boltzmann,0,ok,100000,312.73333333333335,348.1,293.505,743,60.459452867507935,1654.0010743918244
CartPole-v1,topp_boltzmann,topp_boltzmann,1,ok,100000,225.20000000000002,413.7,246.97000000000003,854,59.32776975631714,1685.5513094582852
CartPole-v1,topp_boltzmann,topp_boltzmann,2,ok,100000,250.16666666666666,261.4,223.70499999999998,835,60.17900800704956,1661.7090130213792
CartPole-v1,topp_boltzmann,topp_boltzmann,3,ok,100000,346.6000000000001,347.8,305.02,754,60.155855894088745,1662.3485529997515
CartPole-v1,topp_boltzmann,topp_boltzmann,4,ok,100000,241.86666666666667,329.3,230.47999999999996,832,59.18913197517395,1689.4993500148573
LunarLander-v3,anneal_k,anneal_k,0,ok,400000,98.89500191228434,184.32130663147345,15.976947194164122,1024,264.8294668197632,1510.4059408624296
LunarLander-v3,anneal_k,anneal_k,1,ok,400000,106.1254577013947,211.02396913125637,38.922114102993945,968,263.53553581237793,1517.8218708416496
LunarLander-v3,anneal_k,anneal_k,2,ok,400000,94.8485468832539,164.4001145296475,10.835105222104477,970,240.3692319393158,1664.1064947155342
LunarLander-v3,anneal_k,anneal_k,3,ok,400000,96.56989568023037,192.3019125410207,31.1137523236123,956,240.24918580055237,1664.9380045436155
LunarLander-v3,anneal_k,anneal_k,4,ok,400000,131.5368754587121,193.66343172439434,32.17189215229306,943,239.43374180793762,1670.608315184169
LunarLander-v3,boltzmann,boltzmann,0,ok,400000,116.66518699578212,196.5082031930096,58.04020157158372,795,257.5645680427551,1553.0086418315152
LunarLander-v3,boltzmann,boltzmann,1,ok,400000,144.5781347862601,233.24318986718714,117.72912210543412,656,258.94349789619446,1544.7385365913008
LunarLander-v3,boltzmann,boltzmann,2,ok,400000,173.4624235479906,230.7034275674529,123.0561002892417,700,255.17778205871582,1567.5345900920204
LunarLander-v3,boltzmann,boltzmann,3,ok,400000,175.4787243843065,232.32440136659642,119.61623986164857,655,270.1519720554352,1480.6480846933073
LunarLander-v3,boltzmann,boltzmann,4,ok,400000,126.84741447462568,226.46281780146165,106.27407000808462,642,269.14565777778625,1486.1841105021674
LunarLander-v3,eps_boltzmann,eps_boltzmann,0,ok,400000,208.93792330699384,239.46988815897242,82.29350690047188,1190,269.4611930847168,1484.443809592436
LunarLander-v3,eps_boltzmann,eps_boltzmann,1,ok,400000,127.51034439267664,192.74615472981256,15.05772132465749,1231,271.3473160266876,1474.1255076967818
LunarLander-v3,eps_boltzmann,eps_boltzmann,2,ok,400000,201.29144376484726,249.15623675299344,61.84501333756485,1296,273.782203912735,1461.0153409660459
LunarLander-v3,eps_boltzmann,eps_boltzmann,3,ok,400000,117.9956778943627,195.65269905653165,0.9938332423679604,1229,269.88454389572144,1482.1152564948397
LunarLander-v3,eps_boltzmann,eps_boltzmann,4,ok,400000,158.96837980776272,195.93145993018297,31.520703761780275,1231,271.1210238933563,1475.3558918298324
LunarLander-v3,eps_greedy,eps_greedy,0,ok,400000,156.52789499864005,211.44691369992947,62.535413236155875,1082,250.9111328125,1594.1899249999026
LunarLander-v3,eps_greedy,eps_greedy,1,ok,400000,223.83044855175058,239.088571225415,53.49832874171925,1053,250.8639259338379,1594.4899152439111
LunarLander-v3,eps_greedy,eps_greedy,2,ok,400000,57.41549669329567,69.09582895646403,-20.749525005992215,909,257.33142709732056,1554.4156596493883
LunarLander-v3,eps_greedy,eps_greedy,3,ok,400000,132.65304601809643,180.7010712466668,18.230686673752253,976,253.28100609779358,1579.273575080309
LunarLander-v3,eps_greedy,eps_greedy,4,ok,400000,207.07252304449057,231.6038838750636,88.62864865261918,1050,255.41553688049316,1566.0754427290644
LunarLander-v3,mixture_anneal,mixture_anneal,0,ok,400000,-20.606138862551095,181.41477932737,11.412714145031225,920,287.66273379325867,1390.5172725205255
LunarLander-v3,mixture_anneal,mixture_anneal,1,ok,400000,138.86188599986806,190.13994459023374,52.65331947007095,902,262.4978737831116,1523.8218665744291
LunarLander-v3,mixture_anneal,mixture_anneal,2,ok,400000,119.43711885784849,213.2966756800168,71.83342377629901,921,264.7180881500244,1511.0414357983234
LunarLander-v3,mixture_anneal,mixture_anneal,3,ok,400000,93.1753827535423,168.43109380141047,62.20426018753295,904,266.11451601982117,1503.1122915903113
LunarLander-v3,mixture_anneal,mixture_anneal,4,ok,400000,180.6829202575744,208.27312743450358,73.53903674498947,969,265.3507251739502,1507.4388801379032
LunarLander-v3,topk3_boltzmann,topk_boltzmann,0,ok,400000,141.20946988823042,186.60705576721077,32.699266464067755,1046,263.39129185676575,1518.6530928194966
LunarLander-v3,topk3_boltzmann,topk_boltzmann,1,ok,400000,177.6066442240325,218.805028770883,64.05077263286982,977,266.45478415489197,1501.1927868687744
LunarLander-v3,topk3_boltzmann,topk_boltzmann,2,ok,400000,105.83771666937207,193.66591034488852,5.855084999956598,1001,263.76150608062744,1516.5215195492808
LunarLander-v3,topk3_boltzmann,topk_boltzmann,3,ok,400000,121.32352273551582,176.0108658866747,30.46096466983196,978,262.4850718975067,1523.896186203645
LunarLander-v3,topk3_boltzmann,topk_boltzmann,4,ok,400000,26.201431904414903,211.2918126653562,35.36038652270472,935,266.54934191703796,1500.6602422019778
LunarLander-v3,topk_boltzmann,topk_boltzmann,0,ok,400000,186.06005173206322,208.14178676484124,37.35866596524852,974,251.06846618652344,1593.1909175038834
LunarLander-v3,topk_boltzmann,topk_boltzmann,1,ok,400000,134.22819406122645,192.45793276235443,35.136058227386926,967,244.82645988464355,1633.8103331987504
LunarLander-v3,topk_boltzmann,topk_boltzmann,2,ok,400000,151.85518589896785,168.95856052086882,-2.0902507904810093,984,245.56793022155762,1628.8771894567415
LunarLander-v3,topk_boltzmann,topk_boltzmann,3,ok,400000,149.5763921203609,206.86615607657032,92.39356346833584,965,243.64839124679565,1641.7099983838314
LunarLander-v3,topk_boltzmann,topk_boltzmann,4,ok,400000,156.969158332007,198.5326384703035,29.64158835727826,981,263.41522693634033,1518.515101242299
LunarLander-v3,topp_boltzmann,topp_boltzmann,0,ok,400000,102.03086222883074,186.56936667028225,14.285993150999937,995,244.91804909706116,1633.1993557627914
LunarLander-v3,topp_boltzmann,topp_boltzmann,1,ok,400000,34.12508189632849,80.48830338774292,-34.05393812552205,940,250.53513503074646,1596.5824512035438
LunarLander-v3,topp_boltzmann,topp_boltzmann,2,ok,400000,159.6811578628627,191.64925857134625,74.19767784448999,957,243.56620621681213,1642.2639503771604
LunarLander-v3,topp_boltzmann,topp_boltzmann,3,ok,400000,87.84671721247808,167.32854966991187,16.420242865646387,1040,245.33471584320068,1630.4255947847578
LunarLander-v3,topp_boltzmann,topp_boltzmann,4,ok,400000,124.30312672025444,162.79179894696682,7.805174449208946,974,241.8661687374115,1653.8071533033242
